{"cameraMode":{"drawMode":0,"name":"Shaded","section":"Shading Mode"},"sceneLighting":false,"audioPlay":false,"sceneViewState":{"showFog":true,"showMaterialUpdate":false,"showSkybox":true,"showFlares":true,"showImageEffects":true,"showParticleSystems":true},"in2DMode":false,"pivot":{"x":0.6280083656311035,"y":-3.1284875869750978,"z":1.536062240600586},"rotation":{"x":0.5497223138809204,"y":-0.02506493777036667,"z":0.01648811623454094,"w":0.8348401784896851},"size":15.877256393432618,"orthographic":false}