{"cameraMode":{"drawMode":0,"name":"Shaded","section":"Shading Mode"},"sceneLighting":true,"audioPlay":false,"sceneViewState":{"showFog":true,"showMaterialUpdate":false,"showSkybox":true,"showFlares":true,"showImageEffects":true,"showParticleSystems":true},"in2DMode":false,"pivot":{"x":5.557403564453125,"y":-7.929113388061523,"z":3.609534740447998},"rotation":{"x":0.40829652547836306,"y":0.44397398829460146,"z":-0.23814155161380769,"w":0.7612476944923401},"size":18.861013412475587,"orthographic":false}