{"cameraMode":{"drawMode":0,"name":"Shaded","section":"Shading Mode"},"sceneLighting":false,"audioPlay":false,"sceneViewState":{"showFog":true,"showMaterialUpdate":false,"showSkybox":true,"showFlares":true,"showImageEffects":true,"showParticleSystems":true},"in2DMode":false,"pivot":{"x":0.26368534564971926,"y":-0.0998222827911377,"z":0.46298110485076907},"rotation":{"x":-0.15117183327674867,"y":0.027277300134301187,"z":-0.004173289053142071,"w":-0.9881312251091003},"size":1.7809302806854249,"orthographic":false}