{"cameraMode":{"drawMode":0,"name":"Shaded","section":"Shading Mode"},"sceneLighting":false,"audioPlay":false,"sceneViewState":{"showFog":true,"showMaterialUpdate":false,"showSkybox":true,"showFlares":true,"showImageEffects":true,"showParticleSystems":true},"in2DMode":false,"pivot":{"x":1.2928669452667237,"y":-4.170823097229004,"z":1.1429543495178223},"rotation":{"x":0.6023330688476563,"y":0.026318306103348733,"z":-0.019890934228897096,"w":0.7975978255271912},"size":14.226905822753907,"orthographic":false}