{"cameraMode":{"drawMode":0,"name":"Shaded","section":"Shading Mode"},"sceneLighting":false,"audioPlay":false,"sceneViewState":{"showFog":true,"showMaterialUpdate":false,"showSkybox":true,"showFlares":true,"showImageEffects":true,"showParticleSystems":true},"in2DMode":false,"pivot":{"x":-0.18732041120529176,"y":0.855987548828125,"z":1.1254661083221436},"rotation":{"x":0.5716993808746338,"y":0.03811245039105415,"z":-0.026602566242218019,"w":0.819178581237793},"size":11.080900192260743,"orthographic":false}