{"cameraMode":{"drawMode":0,"name":"Shaded","section":"Shading Mode"},"sceneLighting":false,"audioPlay":false,"sceneViewState":{"showFog":true,"showMaterialUpdate":false,"showSkybox":true,"showFlares":true,"showImageEffects":true,"showParticleSystems":true},"in2DMode":false,"pivot":{"x":1.2043569087982178,"y":1.969221591949463,"z":0.4808614253997803},"rotation":{"x":0.34694671630859377,"y":0.0056187487207353119,"z":-0.002088970271870494,"w":0.9378933310508728},"size":12.864497184753418,"orthographic":false}