{"cameraMode":{"drawMode":0,"name":"Shaded","section":"Shading Mode"},"sceneLighting":false,"audioPlay":false,"sceneViewState":{"showFog":true,"showMaterialUpdate":false,"showSkybox":true,"showFlares":true,"showImageEffects":true,"showParticleSystems":true},"in2DMode":false,"pivot":{"x":-0.0979655459523201,"y":-0.169232577085495,"z":0.42121708393096926},"rotation":{"x":-0.15117183327674867,"y":0.027277300134301187,"z":-0.004173289053142071,"w":-0.9881312251091003},"size":1.7809302806854249,"orthographic":false}