{"cameraMode":{"drawMode":0,"name":"Shaded","section":"Shading Mode"},"sceneLighting":false,"audioPlay":false,"sceneViewState":{"showFog":true,"showMaterialUpdate":false,"showSkybox":true,"showFlares":true,"showImageEffects":true,"showParticleSystems":true},"in2DMode":false,"pivot":{"x":1.1012455224990845,"y":-4.7265472412109379,"z":-0.8246443271636963},"rotation":{"x":0.6615277528762817,"y":-0.02473706565797329,"z":0.02184353955090046,"w":0.749231219291687},"size":21.273860931396486,"orthographic":false}