{"cameraMode":{"drawMode":0,"name":"Shaded","section":"Shading Mode"},"sceneLighting":false,"audioPlay":false,"sceneViewState":{"showFog":true,"showMaterialUpdate":false,"showSkybox":true,"showFlares":true,"showImageEffects":true,"showParticleSystems":true},"in2DMode":false,"pivot":{"x":2.7669482231140138,"y":-0.008999999612569809,"z":-0.8459200859069824},"rotation":{"x":-0.2705986499786377,"y":0.24688789248466493,"z":-0.07201269268989563,"w":-0.9277101159095764},"size":4.5735673904418949,"orthographic":false}