{"cameraMode":{"drawMode":0,"name":"Shaded","section":"Shading Mode"},"sceneLighting":false,"audioPlay":false,"sceneViewState":{"showFog":true,"showMaterialUpdate":false,"showSkybox":true,"showFlares":true,"showImageEffects":true,"showParticleSystems":true},"in2DMode":false,"pivot":{"x":1.1717040538787842,"y":-2.184551239013672,"z":-1.1521153450012208},"rotation":{"x":0.47218284010887148,"y":0.30761411786079409,"z":-0.18015556037425996,"w":0.8062353730201721},"size":15.173236846923829,"orthographic":false}