{"cameraMode":{"drawMode":0,"name":"Shaded","section":"Shading Mode"},"sceneLighting":true,"audioPlay":false,"sceneViewState":{"showFog":true,"showMaterialUpdate":true,"showSkybox":false,"showFlares":true,"showImageEffects":true,"showParticleSystems":true},"in2DMode":false,"pivot":{"x":-0.4418001174926758,"y":0.5370254516601563,"z":-0.16199398040771485},"rotation":{"x":-0.06982006877660752,"y":0.918131411075592,"z":-0.18736658990383149,"w":-0.34213143587112429},"size":19.0062198638916,"orthographic":false}