{"cameraMode":{"drawMode":0,"name":"Shaded","section":"Shading Mode"},"sceneLighting":false,"audioPlay":false,"sceneViewState":{"showFog":true,"showMaterialUpdate":false,"showSkybox":true,"showFlares":true,"showImageEffects":true,"showParticleSystems":true},"in2DMode":false,"pivot":{"x":2.3935351371765138,"y":-2.7903079986572267,"z":0.7276263236999512},"rotation":{"x":0.536163330078125,"y":0.0807499885559082,"z":-0.05163910612463951,"w":0.8386861681938171},"size":15.877256393432618,"orthographic":false}