{"cameraMode":{"drawMode":0,"name":"Shaded","section":"Shading Mode"},"sceneLighting":false,"audioPlay":false,"sceneViewState":{"showFog":true,"showMaterialUpdate":false,"showSkybox":true,"showFlares":true,"showImageEffects":true,"showParticleSystems":true},"in2DMode":false,"pivot":{"x":0.12777745723724366,"y":-1.4941844940185547,"z":-2.1082375049591066},"rotation":{"x":0.645953357219696,"y":0.009149271063506604,"z":-0.007756138686090708,"w":0.7633161544799805},"size":13.294780731201172,"orthographic":false}