{"cameraMode":{"drawMode":0,"name":"Shaded","section":"Shading Mode"},"sceneLighting":true,"audioPlay":false,"sceneViewState":{"showFog":true,"showMaterialUpdate":false,"showSkybox":true,"showFlares":true,"showImageEffects":true,"showParticleSystems":true},"in2DMode":false,"pivot":{"x":43.77692794799805,"y":-31.21103286743164,"z":12.083854675292969},"rotation":{"x":-0.4766259491443634,"y":-0.000793337298091501,"z":0.0004302632878534496,"w":-0.8791111707687378},"size":100.34907531738281,"orthographic":false}