{"cameraMode":{"drawMode":0,"name":"Shaded","section":"Shading Mode"},"sceneLighting":true,"audioPlay":false,"sceneViewState":{"showFog":true,"showMaterialUpdate":false,"showSkybox":true,"showFlares":true,"showImageEffects":true,"showParticleSystems":true},"in2DMode":false,"pivot":{"x":1.9103611707687379,"y":7.617288112640381,"z":-1.936279535293579},"rotation":{"x":-0.01036639604717493,"y":0.9893249273300171,"z":-0.08958928287029267,"w":-0.11447600275278092},"size":2.6741297245025636,"orthographic":false}