{"cameraMode":{"drawMode":0,"name":"Shaded","section":"Shading Mode"},"sceneLighting":false,"audioPlay":false,"sceneViewState":{"showFog":true,"showMaterialUpdate":false,"showSkybox":true,"showFlares":true,"showImageEffects":true,"showParticleSystems":true},"in2DMode":false,"pivot":{"x":-1.0045089721679688,"y":-0.42490315437316897,"z":-5.185616493225098},"rotation":{"x":-0.0033359189983457329,"y":0.9885082244873047,"z":-0.1497122347354889,"w":-0.021944891661405565},"size":7.8605804443359379,"orthographic":false}