{"cameraMode":{"drawMode":0,"name":"Shaded","section":"Shading Mode"},"sceneLighting":false,"audioPlay":false,"sceneViewState":{"showFog":true,"showMaterialUpdate":false,"showSkybox":true,"showFlares":true,"showImageEffects":true,"showParticleSystems":true},"in2DMode":false,"pivot":{"x":2.425342321395874,"y":-0.44791126251220705,"z":-2.6182608604431154},"rotation":{"x":0.532339870929718,"y":0.2165151685476303,"z":-0.14303725957870484,"w":0.8058086633682251},"size":11.080900192260743,"orthographic":false}