{"cameraMode":{"drawMode":0,"name":"Shaded","section":"Shading Mode"},"sceneLighting":true,"audioPlay":false,"sceneViewState":{"showFog":true,"showMaterialUpdate":false,"showSkybox":true,"showFlares":true,"showImageEffects":true,"showParticleSystems":true},"in2DMode":false,"pivot":{"x":45.00168991088867,"y":-17.61517333984375,"z":34.38404846191406},"rotation":{"x":-0.5398849248886108,"y":0.005553225055336952,"z":-0.0035619577392935755,"w":-0.8417201638221741},"size":108.18606567382813,"orthographic":false}