{"cameraMode":{"drawMode":0,"name":"Shaded","section":"Shading Mode"},"sceneLighting":false,"audioPlay":false,"sceneViewState":{"showFog":true,"showMaterialUpdate":false,"showSkybox":true,"showFlares":true,"showImageEffects":true,"showParticleSystems":true},"in2DMode":false,"pivot":{"x":1.0027837753295899,"y":-1.6518726348876954,"z":0.4395866394042969},"rotation":{"x":-0.2629583179950714,"y":0.4452219605445862,"z":-0.1386060118675232,"w":-0.8446508646011353},"size":16.668771743774415,"orthographic":false}