{"cameraMode":{"drawMode":0,"name":"Shaded","section":"Shading Mode"},"sceneLighting":false,"audioPlay":false,"sceneViewState":{"showFog":true,"showMaterialUpdate":false,"showSkybox":true,"showFlares":true,"showImageEffects":true,"showParticleSystems":true},"in2DMode":false,"pivot":{"x":-0.048411011695861819,"y":-0.11424481868743897,"z":0.20390832424163819},"rotation":{"x":-0.3018520176410675,"y":0.12310351431369782,"z":-0.03934017941355705,"w":-0.9445639848709106},"size":2.3334522247314455,"orthographic":false}