{"cameraMode":{"drawMode":0,"name":"Shaded","section":"Shading Mode"},"sceneLighting":false,"audioPlay":false,"sceneViewState":{"showFog":true,"showMaterialUpdate":false,"showSkybox":true,"showFlares":true,"showImageEffects":true,"showParticleSystems":true},"in2DMode":false,"pivot":{"x":0.506300151348114,"y":-26.592281341552736,"z":13.308954238891602},"rotation":{"x":0.5066268444061279,"y":0.012930675409734249,"z":-0.007593520451337099,"w":0.8620815277099609},"size":43.599586486816409,"orthographic":false}